{
    "numTabs": 682,
    "deliriumLayout": {
        "0": {
            "x": 57.200811359026375,
            "y": 180.12170385395538,
            "w": 1,
            "h": 1,
            "scale": 0.9230769230769231
        },
        "1": {
            "x": 57.200811359026375,
            "y": 240.97363083164302,
            "w": 1,
            "h": 1,
            "scale": 0.9230769230769231
        },
        "2": {
            "x": 57.200811359026375,
            "y": 303.0425963488844,
            "w": 1,
            "h": 1,
            "scale": 0.9230769230769231
        },
        "3": {
            "x": 57.200811359026375,
            "y": 365.1115618661258,
            "w": 1,
            "h": 1,
            "scale": 0.9230769230769231
        },
        "4": {
            "x": 57.200811359026375,
            "y": 427.1805273833672,
            "w": 1,
            "h": 1,
            "scale": 0.9230769230769231
        },
        "5": {
            "x": 119.26977687626776,
            "y": 210.5476673427992,
            "w": 1,
            "h": 1,
            "scale": 0.9230769230769231
        },
        "6": {
            "x": 119.26977687626776,
            "y": 272.61663286004057,
            "w": 1,
            "h": 1,
            "scale": 0.9230769230769231
        },
        "7": {
            "x": 119.26977687626776,
            "y": 334.68559837728196,
            "w": 1,
            "h": 1,
            "scale": 0.9230769230769231
        },
        "8": {
            "x": 119.26977687626776,
            "y": 397.9716024340771,
            "w": 1,
            "h": 1,
            "scale": 0.9230769230769231
        },
        "9": {
            "x": 180.73022312373226,
            "y": 272.61663286004057,
            "w": 1,
            "h": 1,
            "scale": 0.9230769230769231
        },
        "10": {
            "x": 180.73022312373226,
            "y": 334.68559837728196,
            "w": 1,
            "h": 1,
            "scale": 0.9230769230769231
        },
        "11": {
            "x": 262.2718052738337,
            "y": 241.5821501014199,
            "w": 1,
            "h": 1,
            "scale": 0.9230769230769231
        },
        "12": {
            "x": 262.2718052738337,
            "y": 303.65111561866127,
            "w": 1,
            "h": 1,
            "scale": 0.9230769230769231
        },
        "13": {
            "x": 262.2718052738337,
            "y": 365.72008113590266,
            "w": 1,
            "h": 1,
            "scale": 0.9230769230769231
        },
        "14": {
            "x": 262.2718052738337,
            "y": 427.78904665314406,
            "w": 1,
            "h": 1,
            "scale": 0.9230769230769231
        },
        "15": {
            "x": 119.26977687626776,
            "y": 106.49087221095336,
            "w": 1,
            "h": 1,
            "scale": 0.9230769230769231
        },
        "16": {
            "x": 407.70791075050715,
            "y": 106.49087221095336,
            "w": 1,
            "h": 1,
            "scale": 0.9230769230769231
        },
        "17": {
            "x": 346.24746450304264,
            "y": 272.61663286004057,
            "w": 1,
            "h": 1,
            "scale": 0.9230769230769231
        },
        "18": {
            "x": 346.24746450304264,
            "y": 334.68559837728196,
            "w": 1,
            "h": 1,
            "scale": 0.9230769230769231
        },
        "19": {
            "x": 408.31643002028403,
            "y": 210.5476673427992,
            "w": 1,
            "h": 1,
            "scale": 0.9230769230769231
        },
        "20": {
            "x": 408.31643002028403,
            "y": 272.61663286004057,
            "w": 1,
            "h": 1,
            "scale": 0.9230769230769231
        },
        "21": {
            "x": 408.31643002028403,
            "y": 334.68559837728196,
            "w": 1,
            "h": 1,
            "scale": 0.9230769230769231
        },
        "22": {
            "x": 408.31643002028403,
            "y": 397.9716024340771,
            "w": 1,
            "h": 1,
            "scale": 0.9230769230769231
        },
        "23": {
            "x": 469.7768762677485,
            "y": 180.12170385395538,
            "w": 1,
            "h": 1,
            "scale": 0.9230769230769231
        },
        "24": {
            "x": 469.7768762677485,
            "y": 240.97363083164302,
            "w": 1,
            "h": 1,
            "scale": 0.9230769230769231
        },
        "25": {
            "x": 469.7768762677485,
            "y": 303.0425963488844,
            "w": 1,
            "h": 1,
            "scale": 0.9230769230769231
        },
        "26": {
            "x": 469.7768762677485,
            "y": 365.1115618661258,
            "w": 1,
            "h": 1,
            "scale": 0.9230769230769231
        },
        "27": {
            "x": 469.7768762677485,
            "y": 427.1805273833672,
            "w": 1,
            "h": 1,
            "scale": 0.9230769230769231
        }
    },
    "items": [{
        "verified": false,
        "w": 1,
        "h": 1,
        "icon": "https:\/\/web.poecdn.com\/image\/Art\/2DItems\/Maps\/DeliriumSplinter.png?v=63d53dfdcf5b047248b781187d66624b&w=1&h=1&scale=1",
        "stackSize": 3,
        "maxStackSize": 300,
        "league": "Standard",
        "id": "742d8ddcf390389a1c7230625eb8ffdb239a7c333bbde2dad48ac15bb4660368",
        "name": "",
        "typeLine": "Simulacrum Splinter",
        "identified": true,
        "ilvl": 0,
        "properties": [{
            "name": "Stack Size",
            "values": [
                ["3\/300", 0]
            ],
            "displayMode": 0,
            "type": 32
        }],
        "descrText": "Combine 300 Splinters to create a Simulacrum.",
        "frameType": 5,
        "x": 15,
        "y": 0,
        "inventoryId": "Stash76"
    }]
}